experiment_name,config_name,runs,cer_mean,cer_std,exact_mean,exact_std,cer_square_mean,cer_square_std,cer_rect_mean,cer_rect_std,weighted_shape_cer_mean,weighted_shape_cer_std,macro_shape_cer_mean,macro_shape_cer_std,samples_mean,chars_mean
predicted_shape_main,synthetic_static,3,0.29458874458874457,0.16567688509639053,0.3288839451242121,0.2328829014850966,0.5,0.1556432237546742,0.18679867986798682,0.17114906251905154,0.3903795379537954,0.160929407392417,0.3433993399339934,0.16324355086179212,899.0,6160.0
predicted_shape_main,synthetic_curriculum,3,0.2966991341991342,0.17092678348270798,0.3359288097886541,0.24468348449526964,0.5111635220125786,0.15527491821110637,0.18415841584158416,0.17921817704910797,0.3967117348527306,0.16360116330356342,0.3476609689270814,0.16718859313486484,899.0,6160.0
predicted_shape_main,shape_weighted,3,0.3433982683982684,0.09375057391927177,0.26473859844271413,0.14300474909889388,0.6125786163522012,0.1121276454592317,0.20214521452145215,0.08529242290780069,0.46892692571143907,0.10201484515051777,0.4073619154368267,0.09788546585754244,899.0,6160.0
