experiment_name,left_config,right_config,runs,seeds,cer_delta_mean,cer_delta_std,exact_match_delta_mean,exact_match_delta_std,cer_square_delta_mean,cer_square_delta_std,cer_rect_delta_mean,cer_rect_delta_std,weighted_shape_cer_delta_mean,weighted_shape_cer_delta_std,macro_shape_cer_delta_mean,macro_shape_cer_delta_std
predicted_shape_main,shape_weighted,synthetic_curriculum,3,"42,52,62",0.04669913419913421,0.1325904554976575,-0.07119021134593993,0.22394118282694783,0.10141509433962265,0.0990038044369348,0.017986798679867976,0.15148319364989007,0.07221519085870849,0.11641782141050058,0.0597009465097453,0.12426141725890148
predicted_shape_main,shape_weighted,synthetic_static,3,"42,52,62",0.04880952380952382,0.12946612620657044,-0.06414534668149795,0.21807771288810304,0.11257861635220127,0.09825861564078983,0.015346534653465338,0.1465446879090382,0.07854738775764374,0.1146346626300329,0.06396257550283328,0.12185985387527612
predicted_shape_main,synthetic_curriculum,synthetic_static,3,"42,52,62",0.002110389610389609,0.005709579673723703,0.007044864664441974,0.01336360496176499,0.011163522012578623,0.001441061539294277,-0.002640264026402638,0.009162874661634866,0.006332196898935234,0.002715278032732161,0.004261628993087981,0.004164660980046732
