experiment_name,config_name,runs,cer_mean,cer_std,exact_mean,exact_std,cer_square_mean,cer_square_std,cer_rect_mean,cer_rect_std,weighted_shape_cer_mean,weighted_shape_cer_std,macro_shape_cer_mean,macro_shape_cer_std,samples_mean,chars_mean
legacy_preprocess,pilot_legacy_baseline,2,0.9411525974025974,0.07335084954191626,0.0,0.0,0.9379716981132076,0.07504671026744018,0.9428217821782179,0.07246094242852243,0.9396692275359612,0.07414169152381896,0.9403967401457127,0.07375382634798135,899.0,6160.0
oracle_shape,pilot_baseline,2,0.9186688311688311,0.1049181165591728,0.0,0.0,0.914622641509434,0.11273683586842127,0.9207920792079207,0.10081522424837906,0.9167819447039043,0.10856427180140647,0.9177073603586774,0.10677603005840021,899.0,6160.0
oracle_shape,pilot_synth_curriculum,2,0.9185064935064935,0.11524922212845679,0.0,0.0,0.9323113207547169,0.09572624820780151,0.9112623762376237,0.12549395101751354,0.9249441901737343,0.10614494419120077,0.9217868484961703,0.11061009961265757,899.0,6160.0
oracle_shape,pilot_shape_weighted,2,0.9447240259740259,0.07243252904686875,0.0,0.0,0.9341981132075472,0.09172375699353796,0.9502475247524753,0.062309409431289806,0.9398154072482721,0.08142873534675109,0.9422228189800111,0.07701658321241389,899.0,6160.0
predicted_shape,pilot_synth_curriculum,2,0.8023538961038961,0.0503928371657296,0.0,0.0,0.8261792452830189,0.04235969868428843,0.7898514851485148,0.054608246467871956,0.8134645292359425,0.04664669040854273,0.8080153652157669,0.04848397257608023,899.0,6160.0
predicted_shape,pilot_shape_weighted,2,0.9173701298701299,0.1113463600245051,0.0,0.0,0.9264150943396227,0.09872811661849906,0.9126237623762377,0.11796781448508246,0.9215881281524378,0.10546201087180322,0.9195194283579302,0.10834796555179073,899.0,6160.0
